"variable","variable_type","scenario","value_numeric","n","average_probability","interpretation"
"Age","numeric","29",29,31648,0.121471137200856,"Estandarizacion marginal: una variable se fija y las demas conservan sus valores."
"Age","numeric","33",33,31648,0.108754103588747,"Estandarizacion marginal: una variable se fija y las demas conservan sus valores."
"Age","numeric","39",39,31648,0.106533692130306,"Estandarizacion marginal: una variable se fija y las demas conservan sus valores."
"Age","numeric","48",48,31648,0.108347606795655,"Estandarizacion marginal: una variable se fija y las demas conservan sus valores."
"Age","numeric","56",56,31648,0.118307032992851,"Estandarizacion marginal: una variable se fija y las demas conservan sus valores."
"Balance..euros.","numeric","0",0,31648,0.102921365714017,"Estandarizacion marginal: una variable se fija y las demas conservan sus valores."
"Balance..euros.","numeric","72",72,31648,0.113729761464258,"Estandarizacion marginal: una variable se fija y las demas conservan sus valores."
"Balance..euros.","numeric","452",452,31648,0.118587650135826,"Estandarizacion marginal: una variable se fija y las demas conservan sus valores."
"Balance..euros.","numeric","1438",1438,31648,0.121745348177854,"Estandarizacion marginal: una variable se fija y las demas conservan sus valores."
"Balance..euros.","numeric","3595.9",3595.9,31648,0.124293794218397,"Estandarizacion marginal: una variable se fija y las demas conservan sus valores."
"Last.Contact.Day","numeric","5",5,31648,0.113470667394471,"Estandarizacion marginal: una variable se fija y las demas conservan sus valores."
"Last.Contact.Day","numeric","10",10,31648,0.119290095022539,"Estandarizacion marginal: una variable se fija y las demas conservan sus valores."
"Last.Contact.Day","numeric","15",15,31648,0.114358599507125,"Estandarizacion marginal: una variable se fija y las demas conservan sus valores."
"Last.Contact.Day","numeric","20",20,31648,0.110110529972248,"Estandarizacion marginal: una variable se fija y las demas conservan sus valores."
"Last.Contact.Day","numeric","25",25,31648,0.120109246682936,"Estandarizacion marginal: una variable se fija y las demas conservan sus valores."
"Last.Contact.Day","numeric","30",30,31648,0.144747210599996,"Estandarizacion marginal: una variable se fija y las demas conservan sus valores."
"Last.Contact.Duration","numeric","58",58,31648,0.0110555138146417,"Estandarizacion marginal: una variable se fija y las demas conservan sus valores."
"Last.Contact.Duration","numeric","103",103,31648,0.0336503349432086,"Estandarizacion marginal: una variable se fija y las demas conservan sus valores."
"Last.Contact.Duration","numeric","179",179,31648,0.0734952087800526,"Estandarizacion marginal: una variable se fija y las demas conservan sus valores."
"Last.Contact.Duration","numeric","317",317,31648,0.129110289652137,"Estandarizacion marginal: una variable se fija y las demas conservan sus valores."
"Last.Contact.Duration","numeric","543",543,31648,0.271095753830601,"Estandarizacion marginal: una variable se fija y las demas conservan sus valores."
"Campaign","numeric","1",1,31648,0.128620743101992,"Estandarizacion marginal: una variable se fija y las demas conservan sus valores."
"Campaign","numeric","2",2,31648,0.116268519319552,"Estandarizacion marginal: una variable se fija y las demas conservan sus valores."
"Campaign","numeric","3",3,31648,0.108075687089688,"Estandarizacion marginal: una variable se fija y las demas conservan sus valores."
"Campaign","numeric","5",5,31648,0.097303688357718,"Estandarizacion marginal: una variable se fija y las demas conservan sus valores."
"Job","categorical","blue-collar",NA,6763,0.0748188673665529,"Promedio de probabilidades ajustadas dentro del subgrupo observado."
"Job","categorical","admin.",NA,3592,0.119432071269487,"Promedio de probabilidades ajustadas dentro del subgrupo observado."
"Job","categorical","entrepreneur",NA,1067,0.0777881911902525,"Promedio de probabilidades ajustadas dentro del subgrupo observado."
"Job","categorical","housemaid",NA,868,0.0783410138248845,"Promedio de probabilidades ajustadas dentro del subgrupo observado."
"Job","categorical","management",NA,6594,0.138914167303084,"Promedio de probabilidades ajustadas dentro del subgrupo observado."
"Job","categorical","retired",NA,1604,0.216957605985036,"Promedio de probabilidades ajustadas dentro del subgrupo observado."
"Job","categorical","self-employed",NA,1125,0.116444444444444,"Promedio de probabilidades ajustadas dentro del subgrupo observado."
"Job","categorical","services",NA,2951,0.0921721450355808,"Promedio de probabilidades ajustadas dentro del subgrupo observado."
"Job","categorical","student",NA,671,0.286140089418777,"Promedio de probabilidades ajustadas dentro del subgrupo observado."
"Job","categorical","technician",NA,5278,0.108942781356574,"Promedio de probabilidades ajustadas dentro del subgrupo observado."
"Job","categorical","unemployed",NA,932,0.164163090128755,"Promedio de probabilidades ajustadas dentro del subgrupo observado."
"Job","categorical","unknown",NA,203,0.118226600985221,"Promedio de probabilidades ajustadas dentro del subgrupo observado."
"Marital.Status","categorical","married",NA,19027,0.0997529836125786,"Promedio de probabilidades ajustadas dentro del subgrupo observado."
"Marital.Status","categorical","divorced",NA,3619,0.117159436308372,"Promedio de probabilidades ajustadas dentro del subgrupo observado."
"Marital.Status","categorical","single",NA,9002,0.152743834703399,"Promedio de probabilidades ajustadas dentro del subgrupo observado."
"Education","categorical","secondary",NA,16118,0.105782355559895,"Promedio de probabilidades ajustadas dentro del subgrupo observado."
"Education","categorical","primary",NA,4838,0.0857792476229843,"Promedio de probabilidades ajustadas dentro del subgrupo observado."
"Education","categorical","tertiary",NA,9386,0.150223738789914,"Promedio de probabilidades ajustadas dentro del subgrupo observado."
"Education","categorical","unknown",NA,1306,0.127871362940275,"Promedio de probabilidades ajustadas dentro del subgrupo observado."
"Credit","categorical","no",NA,31065,0.11781748009646,"Promedio de probabilidades ajustadas dentro del subgrupo observado."
"Credit","categorical","yes",NA,583,0.0634648370497419,"Promedio de probabilidades ajustadas dentro del subgrupo observado."
"Housing.Loan","categorical","yes",NA,17473,0.07720483030962,"Promedio de probabilidades ajustadas dentro del subgrupo observado."
"Housing.Loan","categorical","no",NA,14175,0.165643740331325,"Promedio de probabilidades ajustadas dentro del subgrupo observado."
"Personal.Loan","categorical","no",NA,26559,0.126586092066589,"Promedio de probabilidades ajustadas dentro del subgrupo observado."
"Personal.Loan","categorical","yes",NA,5089,0.0658282570249553,"Promedio de probabilidades ajustadas dentro del subgrupo observado."
"Contact","categorical","cellular",NA,20497,0.149241353329586,"Promedio de probabilidades ajustadas dentro del subgrupo observado."
"Contact","categorical","telephone",NA,2021,0.133597229094507,"Promedio de probabilidades ajustadas dentro del subgrupo observado."
"Contact","categorical","unknown",NA,9130,0.0403066812705363,"Promedio de probabilidades ajustadas dentro del subgrupo observado."
"Last.Contact.Month","categorical","may",NA,9582,0.0687747860571904,"Promedio de probabilidades ajustadas dentro del subgrupo observado."
"Last.Contact.Month","categorical","apr",NA,2040,0.198039215686273,"Promedio de probabilidades ajustadas dentro del subgrupo observado."
"Last.Contact.Month","categorical","aug",NA,4431,0.113518393139246,"Promedio de probabilidades ajustadas dentro del subgrupo observado."
"Last.Contact.Month","categorical","dec",NA,155,0.432258064516127,"Promedio de probabilidades ajustadas dentro del subgrupo observado."
"Last.Contact.Month","categorical","feb",NA,1863,0.15834675254965,"Promedio de probabilidades ajustadas dentro del subgrupo observado."
"Last.Contact.Month","categorical","jan",NA,959,0.105318039624608,"Promedio de probabilidades ajustadas dentro del subgrupo observado."
"Last.Contact.Month","categorical","jul",NA,4838,0.0872261264985521,"Promedio de probabilidades ajustadas dentro del subgrupo observado."
"Last.Contact.Month","categorical","jun",NA,3747,0.103015745930077,"Promedio de probabilidades ajustadas dentro del subgrupo observado."
"Last.Contact.Month","categorical","mar",NA,330,0.509090909090911,"Promedio de probabilidades ajustadas dentro del subgrupo observado."
"Last.Contact.Month","categorical","nov",NA,2787,0.103336921420883,"Promedio de probabilidades ajustadas dentro del subgrupo observado."
"Last.Contact.Month","categorical","oct",NA,519,0.429672484001043,"Promedio de probabilidades ajustadas dentro del subgrupo observado."
"Last.Contact.Month","categorical","sep",NA,397,0.455919395465995,"Promedio de probabilidades ajustadas dentro del subgrupo observado."
"Poutcome","categorical","unknown",NA,25901,0.0910003482180822,"Promedio de probabilidades ajustadas dentro del subgrupo observado."
"Poutcome","categorical","failure",NA,3435,0.130131004366809,"Promedio de probabilidades ajustadas dentro del subgrupo observado."
"Poutcome","categorical","other",NA,1251,0.163868904876094,"Promedio de probabilidades ajustadas dentro del subgrupo observado."
"Poutcome","categorical","success",NA,1061,0.648444863336468,"Promedio de probabilidades ajustadas dentro del subgrupo observado."
